zip,CON,DEM,GRE,IND,LIB,REP,UNK,total
2176,0.0,0.0,0.0,0.0,0.0,250.0,0.0,250.0
11209,0.0,49.0,0.0,0.0,0.0,0.0,0.0,49.0
19093,0.0,0.0,0.0,0.0,0.0,250.0,0.0,250.0
20122,0.0,50.0,0.0,0.0,0.0,0.0,0.0,50.0
30097,0.0,0.0,0.0,0.0,0.0,100.0,0.0,100.0
37032,0.0,5400.0,0.0,0.0,0.0,0.0,0.0,5400.0
38756,0.0,0.0,0.0,0.0,0.0,1000.0,0.0,1000.0
39202,0.0,0.0,0.0,0.0,0.0,250.0,0.0,250.0
48001,0.0,6591.0,0.0,0.0,0.0,790.0,0.0,7381.0
48002,0.0,0.0,0.0,0.0,0.0,683.0,0.0,683.0
48003,0.0,797.0,0.0,0.0,0.0,2024.0,0.0,2821.0
48005,0.0,398.0,0.0,0.0,0.0,350.0,0.0,748.0
48006,0.0,676.0,0.0,0.0,0.0,3617.0,0.0,4293.0
48009,0.0,178547.0,610.0,0.0,240.0,237310.0,500.0,417207.0
48012,0.0,3511.0,0.0,0.0,228.0,1500.0,0.0,5239.0
48014,0.0,752.0,0.0,0.0,0.0,0.0,0.0,752.0
48015,0.0,1376.0,0.0,0.0,0.0,0.0,0.0,1376.0
48017,0.0,6983.0,0.0,0.0,0.0,13362.0,0.0,20345.0
48021,0.0,4068.0,0.0,0.0,435.0,5332.0,0.0,9835.0
48022,0.0,428.0,0.0,0.0,0.0,25.0,0.0,453.0
48023,0.0,250.0,0.0,0.0,0.0,2300.0,0.0,2550.0
48025,0.0,109034.0,300.0,2700.0,750.0,90136.0,100.0,203020.0
48026,0.0,5323.0,0.0,0.0,0.0,7939.0,0.0,13262.0
48027,0.0,243.0,0.0,0.0,0.0,1416.0,0.0,1659.0
48028,0.0,238.0,0.0,0.0,0.0,820.0,0.0,1058.0
48030,0.0,2489.0,0.0,0.0,0.0,401.0,0.0,2890.0
48033,0.0,6384.0,0.0,0.0,0.0,3357.0,0.0,9741.0
48034,0.0,22036.0,0.0,0.0,0.0,23545.0,0.0,45581.0
48035,0.0,3177.0,0.0,0.0,0.0,2607.0,0.0,5784.0
48036,0.0,4592.0,0.0,0.0,0.0,6049.0,0.0,10641.0
48037,0.0,482.0,0.0,0.0,0.0,0.0,0.0,482.0
48038,0.0,11277.0,0.0,0.0,100.0,7372.0,0.0,18749.0
48039,0.0,721.0,0.0,0.0,0.0,2850.0,0.0,3571.0
48040,0.0,600.0,0.0,0.0,0.0,2766.0,0.0,3366.0
48041,0.0,0.0,0.0,0.0,0.0,1310.0,0.0,1310.0
48042,0.0,9879.0,535.0,0.0,0.0,3150.0,0.0,13564.0
48043,0.0,2553.0,158.0,0.0,0.0,1320.0,0.0,4031.0
48044,0.0,7522.0,250.0,0.0,0.0,9699.0,0.0,17471.0
48045,0.0,5148.0,0.0,0.0,560.0,13177.0,0.0,18885.0
48047,0.0,10734.0,0.0,0.0,30.0,15759.0,0.0,26523.0
48048,0.0,103.0,0.0,0.0,0.0,1610.0,0.0,1713.0
48049,0.0,0.0,0.0,0.0,0.0,3305.0,0.0,3305.0
48050,0.0,20.0,0.0,0.0,0.0,225.0,0.0,245.0
48051,0.0,1105.0,0.0,0.0,0.0,2303.0,0.0,3408.0
48054,0.0,960.0,0.0,0.0,0.0,3493.0,0.0,4453.0
48059,0.0,2339.0,0.0,0.0,0.0,10169.0,0.0,12508.0
48060,0.0,7728.0,0.0,0.0,0.0,4760.0,0.0,12488.0
48061,0.0,27.0,0.0,0.0,0.0,0.0,0.0,27.0
48062,0.0,819.0,0.0,0.0,0.0,2194.0,0.0,3013.0
48063,0.0,250.0,0.0,0.0,500.0,840.0,0.0,1590.0
48064,0.0,3180.0,0.0,0.0,0.0,200.0,0.0,3380.0
48065,0.0,4118.0,0.0,0.0,0.0,4300.0,0.0,8418.0
48066,0.0,7054.0,0.0,0.0,0.0,1615.0,0.0,8669.0
48067,0.0,67292.0,750.0,0.0,0.0,32568.0,0.0,100610.0
48068,0.0,0.0,0.0,0.0,0.0,600.0,0.0,600.0
48069,0.0,27387.0,50.0,0.0,0.0,4300.0,0.0,31737.0
48070,0.0,68017.0,460.0,0.0,46.0,12442.0,0.0,80965.0
48071,0.0,12713.0,0.0,0.0,0.0,3095.0,0.0,15808.0
48072,0.0,25852.0,0.0,0.0,1395.0,3275.0,0.0,30522.0
48073,0.0,48611.0,1059.0,5400.0,0.0,14985.0,0.0,70055.0
48074,0.0,1004.0,0.0,250.0,0.0,619.0,0.0,1873.0
48075,0.0,16183.0,0.0,0.0,5000.0,10512.0,0.0,31695.0
48076,0.0,16572.0,0.0,0.0,0.0,24109.0,0.0,40681.0
48079,0.0,4032.0,0.0,0.0,100.0,6565.0,0.0,10697.0
48080,0.0,12995.0,0.0,0.0,0.0,8519.0,0.0,21514.0
48081,0.0,6655.0,200.0,0.0,0.0,11750.0,0.0,18605.0
48082,0.0,2818.0,0.0,0.0,0.0,3940.0,0.0,6758.0
48083,0.0,17460.0,0.0,0.0,1000.0,14389.0,0.0,32849.0
48084,0.0,29986.0,0.0,0.0,1000.0,74464.0,0.0,105450.0
48085,0.0,26048.0,0.0,0.0,0.0,7174.0,0.0,33222.0
48088,0.0,4232.0,572.0,0.0,500.0,1205.0,0.0,6509.0
48089,0.0,2892.0,0.0,0.0,50.0,2443.0,0.0,5385.0
48091,0.0,2463.0,0.0,0.0,0.0,4833.0,0.0,7296.0
48092,0.0,7287.0,0.0,0.0,0.0,15074.0,0.0,22361.0
48093,0.0,4131.0,0.0,0.0,0.0,4452.0,0.0,8583.0
48094,0.0,6679.0,0.0,0.0,0.0,18075.0,0.0,24754.0
48095,0.0,200.0,0.0,0.0,0.0,6805.0,0.0,7005.0
48096,0.0,341.0,0.0,0.0,0.0,2375.0,0.0,2716.0
48097,0.0,180.0,0.0,0.0,0.0,50.0,0.0,230.0
48098,0.0,31995.0,750.0,0.0,0.0,47889.0,0.0,80634.0
48099,0.0,2700.0,0.0,0.0,0.0,1450.0,0.0,4150.0
48101,0.0,6904.0,116.0,0.0,0.0,2333.0,0.0,9353.0
48103,0.0,303922.0,2940.0,250.0,1307.0,41828.0,1000.0,351247.0
48104,0.0,257714.0,2000.0,0.0,10667.0,47232.0,2000.0,319613.0
48105,0.0,212189.0,2500.0,0.0,920.0,49668.0,0.0,265277.0
48106,0.0,2902.0,0.0,0.0,0.0,6335.0,0.0,9237.0
48107,0.0,3666.0,0.0,0.0,0.0,8100.0,0.0,11766.0
48108,0.0,62503.0,500.0,5400.0,0.0,9682.0,0.0,78085.0
48109,0.0,1427.0,0.0,0.0,0.0,0.0,0.0,1427.0
48111,0.0,8987.0,0.0,0.0,0.0,11520.0,0.0,20507.0
48113,0.0,1243.0,0.0,0.0,0.0,0.0,0.0,1243.0
48114,0.0,13545.0,863.0,0.0,0.0,16626.0,0.0,31034.0
48116,0.0,25967.0,0.0,0.0,250.0,61719.0,0.0,87936.0
48117,0.0,50.0,0.0,0.0,0.0,2966.0,0.0,3016.0
48118,0.0,32741.0,3000.0,25.0,0.0,4879.0,0.0,40645.0
48120,0.0,6281.0,527.0,0.0,100.0,1000.0,0.0,7908.0
48121,0.0,304.0,0.0,0.0,0.0,0.0,0.0,304.0
48122,0.0,910.0,0.0,0.0,0.0,100.0,0.0,1010.0
48124,0.0,65459.0,0.0,0.0,2700.0,11987.0,0.0,80146.0
48125,0.0,2032.0,0.0,0.0,0.0,1405.0,0.0,3437.0
48126,0.0,29045.0,879.0,500.0,0.0,12578.0,0.0,43002.0
48127,0.0,16886.0,0.0,0.0,0.0,8003.0,0.0,24889.0
48128,0.0,16329.0,0.0,0.0,0.0,490.0,0.0,16819.0
48130,0.0,36587.0,250.0,0.0,0.0,20175.0,0.0,57012.0
48131,0.0,2529.0,0.0,0.0,250.0,605.0,0.0,3384.0
48133,0.0,250.0,0.0,0.0,0.0,100.0,0.0,350.0
48134,0.0,3896.0,0.0,0.0,0.0,2778.0,0.0,6674.0
48135,0.0,5260.0,0.0,0.0,0.0,6216.0,0.0,11476.0
48137,0.0,1518.0,0.0,0.0,0.0,315.0,0.0,1833.0
48138,0.0,13549.0,0.0,250.0,250.0,42480.0,0.0,56529.0
48139,0.0,350.0,0.0,0.0,0.0,0.0,0.0,350.0
48140,0.0,1384.0,0.0,0.0,0.0,1885.0,0.0,3269.0
48141,0.0,520.0,0.0,0.0,0.0,567.0,0.0,1087.0
48144,0.0,3171.0,300.0,0.0,0.0,650.0,0.0,4121.0
48145,0.0,875.0,0.0,0.0,0.0,0.0,0.0,875.0
48146,0.0,4403.0,0.0,0.0,0.0,2764.0,0.0,7167.0
48150,0.0,6807.0,0.0,0.0,0.0,11195.0,0.0,18002.0
48151,0.0,3114.0,0.0,0.0,0.0,0.0,0.0,3114.0
48152,0.0,15191.0,500.0,0.0,400.0,31984.0,0.0,48075.0
48153,0.0,0.0,0.0,0.0,250.0,115.0,0.0,365.0
48154,0.0,21239.0,250.0,0.0,250.0,20817.0,0.0,42556.0
48157,0.0,1850.0,0.0,0.0,0.0,750.0,0.0,2600.0
48158,0.0,11213.0,250.0,0.0,0.0,4310.0,0.0,15773.0
48159,0.0,170.0,0.0,0.0,0.0,25.0,0.0,195.0
48160,0.0,6453.0,0.0,0.0,0.0,6238.0,0.0,12691.0
48161,0.0,7621.0,250.0,0.0,0.0,1685.0,0.0,9556.0
48162,0.0,2276.0,0.0,0.0,0.0,5140.0,0.0,7416.0
48164,0.0,557.0,0.0,0.0,0.0,2169.0,0.0,2726.0
48165,0.0,1704.0,0.0,250.0,0.0,15450.0,0.0,17404.0
48166,0.0,655.0,0.0,0.0,0.0,1060.0,0.0,1715.0
48167,0.0,42982.0,230.0,0.0,0.0,17846.0,0.0,61058.0
48168,0.0,43916.0,0.0,1000.0,400.0,41579.0,0.0,86895.0
48169,0.0,15409.0,0.0,0.0,0.0,18111.0,0.0,33520.0
48170,0.0,52420.0,1000.0,0.0,0.0,48171.0,0.0,101591.0
48173,0.0,3766.0,0.0,0.0,270.0,1744.0,0.0,5780.0
48174,0.0,1992.0,0.0,0.0,0.0,1020.0,0.0,3012.0
48176,0.0,23308.0,500.0,0.0,458.0,25621.0,0.0,49887.0
48178,0.0,21426.0,0.0,0.0,0.0,14230.0,0.0,35656.0
48179,0.0,447.0,0.0,0.0,0.0,250.0,0.0,697.0
48180,0.0,8873.0,0.0,0.0,0.0,10763.0,0.0,19636.0
48182,0.0,5660.0,0.0,0.0,0.0,6370.0,0.0,12030.0
48183,0.0,9093.0,0.0,0.0,0.0,11868.0,0.0,20961.0
48184,0.0,7792.0,0.0,0.0,0.0,1308.0,0.0,9100.0
48185,0.0,4744.0,0.0,0.0,0.0,6112.0,0.0,10856.0
48186,0.0,5062.0,0.0,0.0,0.0,3556.0,0.0,8618.0
48187,0.0,25900.0,0.0,5400.0,0.0,30289.0,0.0,61589.0
48188,0.0,17901.0,0.0,0.0,0.0,7339.0,0.0,25240.0
48189,0.0,2798.0,0.0,0.0,0.0,3521.0,0.0,6319.0
48190,0.0,45.0,0.0,0.0,0.0,0.0,0.0,45.0
48191,0.0,10100.0,0.0,0.0,0.0,2476.0,0.0,12576.0
48192,0.0,9405.0,0.0,0.0,0.0,1600.0,0.0,11005.0
48193,0.0,2923.0,0.0,0.0,0.0,957.0,0.0,3880.0
48195,0.0,4571.0,0.0,0.0,0.0,25388.0,0.0,29959.0
48197,0.0,49520.0,319.0,5000.0,750.0,5576.0,0.0,61165.0
48198,0.0,34786.0,120.0,0.0,0.0,23890.0,0.0,58796.0
48201,0.0,12194.0,0.0,0.0,0.0,1052.0,0.0,13246.0
48202,0.0,26834.0,0.0,0.0,500.0,325.0,0.0,27659.0
48203,0.0,20476.0,0.0,0.0,0.0,508.0,0.0,20984.0
48204,0.0,2075.0,435.0,0.0,0.0,157.0,0.0,2667.0
48205,0.0,1439.0,0.0,0.0,0.0,225.0,0.0,1664.0
48206,0.0,1690.0,250.0,0.0,0.0,0.0,0.0,1940.0
48207,0.0,37123.0,800.0,0.0,0.0,13750.0,0.0,51673.0
48208,0.0,4817.0,0.0,0.0,0.0,0.0,0.0,4817.0
48209,0.0,1007.0,242.0,0.0,0.0,5494.0,0.0,6743.0
48210,0.0,592.0,0.0,0.0,0.0,117.0,0.0,709.0
48211,0.0,350.0,0.0,0.0,0.0,250.0,0.0,600.0
48212,0.0,5774.0,0.0,0.0,0.0,0.0,0.0,5774.0
48213,0.0,1963.0,0.0,0.0,0.0,19380.0,0.0,21343.0
48214,0.0,20747.0,0.0,0.0,0.0,267.0,0.0,21014.0
48215,0.0,3912.0,0.0,0.0,0.0,950.0,0.0,4862.0
48216,0.0,7326.0,0.0,0.0,0.0,0.0,0.0,7326.0
48217,0.0,25.0,0.0,0.0,0.0,850.0,0.0,875.0
48219,0.0,16987.0,0.0,0.0,0.0,125.0,0.0,17112.0
48220,0.0,32258.0,224.0,0.0,0.0,3300.0,0.0,35782.0
48221,0.0,20896.0,0.0,0.0,50.0,3000.0,0.0,23946.0
48223,0.0,4263.0,0.0,0.0,0.0,80.0,0.0,4343.0
48224,0.0,8226.0,35.0,0.0,0.0,1625.0,0.0,9886.0
48225,0.0,3360.0,0.0,0.0,0.0,4566.0,0.0,7926.0
48226,0.0,46589.0,0.0,0.0,500.0,37709.0,0.0,84798.0
48227,0.0,2748.0,0.0,0.0,0.0,0.0,0.0,2748.0
48228,0.0,2387.0,0.0,0.0,0.0,596.0,0.0,2983.0
48229,0.0,252.0,0.0,0.0,0.0,0.0,0.0,252.0
48230,0.0,92406.0,850.0,562.0,340.0,80468.0,0.0,174626.0
48232,0.0,2013.0,0.0,0.0,0.0,0.0,0.0,2013.0
48234,0.0,715.0,0.0,0.0,0.0,0.0,0.0,715.0
48235,0.0,1487.0,0.0,0.0,0.0,1000.0,0.0,2487.0
48236,0.0,73325.0,478.0,0.0,1000.0,155116.0,0.0,229919.0
48237,0.0,16769.0,0.0,0.0,0.0,18297.0,0.0,35066.0
48238,0.0,8822.0,0.0,0.0,0.0,1000.0,0.0,9822.0
48239,0.0,10891.0,0.0,0.0,0.0,2630.0,0.0,13521.0
48240,0.0,4783.0,0.0,0.0,0.0,7612.0,0.0,12395.0
48244,0.0,687.0,0.0,0.0,0.0,0.0,0.0,687.0
48301,0.0,55068.0,0.0,0.0,400.0,110715.0,0.0,166183.0
48302,0.0,134341.0,650.0,500.0,0.0,129733.0,0.0,265224.0
48303,0.0,0.0,0.0,0.0,0.0,2100.0,0.0,2100.0
48304,0.0,133196.0,0.0,0.0,2560.0,213921.0,0.0,349677.0
48306,0.0,31371.0,0.0,0.0,100.0,45595.0,0.0,77066.0
48307,0.0,20689.0,0.0,0.0,100.0,29483.0,0.0,50272.0
48308,0.0,532.0,0.0,0.0,0.0,0.0,0.0,532.0
48309,0.0,18533.0,0.0,0.0,150.0,23331.0,0.0,42014.0
48310,0.0,4812.0,0.0,0.0,0.0,8468.0,0.0,13280.0
48311,0.0,500.0,0.0,0.0,0.0,1100.0,0.0,1600.0
48312,0.0,8742.0,500.0,0.0,604.0,6136.0,0.0,15982.0
48313,0.0,9149.0,0.0,0.0,250.0,6029.0,0.0,15428.0
48314,0.0,10823.0,0.0,0.0,200.0,11873.0,0.0,22896.0
48315,0.0,8439.0,0.0,0.0,0.0,13719.0,0.0,22158.0
48316,0.0,12529.0,0.0,0.0,0.0,19795.0,0.0,32324.0
48317,0.0,3613.0,0.0,0.0,0.0,4286.0,0.0,7899.0
48318,0.0,635.0,0.0,0.0,0.0,1000.0,0.0,1635.0
48320,0.0,1821.0,0.0,0.0,0.0,3274.0,0.0,5095.0
48321,0.0,97.0,0.0,0.0,0.0,1250.0,0.0,1347.0
48322,0.0,69835.0,0.0,0.0,650.0,68444.0,0.0,138929.0
48323,0.0,59775.0,0.0,0.0,2936.0,81494.0,0.0,144205.0
48324,0.0,31185.0,500.0,0.0,1250.0,94413.0,0.0,127348.0
48325,0.0,977.0,0.0,0.0,0.0,0.0,0.0,977.0
48326,0.0,8251.0,0.0,0.0,0.0,6824.0,0.0,15075.0
48327,0.0,5908.0,0.0,0.0,0.0,4965.0,0.0,10873.0
48328,0.0,7242.0,0.0,0.0,0.0,11381.0,0.0,18623.0
48329,0.0,9149.0,2050.0,0.0,150.0,12779.0,0.0,24128.0
48330,0.0,0.0,0.0,0.0,0.0,500.0,0.0,500.0
48331,0.0,48223.0,404.0,0.0,40.0,26012.0,0.0,74679.0
48332,0.0,99.0,0.0,0.0,0.0,0.0,0.0,99.0
48333,0.0,1418.0,0.0,0.0,0.0,400.0,0.0,1818.0
48334,0.0,49412.0,0.0,150.0,0.0,78372.0,0.0,127934.0
48335,0.0,19270.0,0.0,0.0,0.0,7450.0,0.0,26720.0
48336,0.0,20885.0,0.0,0.0,0.0,15437.0,0.0,36322.0
48340,0.0,1406.0,0.0,0.0,0.0,518.0,0.0,1924.0
48341,0.0,3709.0,0.0,0.0,0.0,2605.0,0.0,6314.0
48342,0.0,4433.0,0.0,0.0,0.0,1745.0,0.0,6178.0
48343,0.0,1114.0,0.0,0.0,0.0,0.0,0.0,1114.0
48346,0.0,7762.0,345.0,0.0,0.0,20070.0,0.0,28177.0
48347,0.0,85.0,0.0,0.0,0.0,12851.0,0.0,12936.0
48348,0.0,7920.0,0.0,282.0,0.0,25327.0,0.0,33529.0
48350,0.0,1031.0,0.0,0.0,0.0,4238.0,0.0,5269.0
48353,0.0,2151.0,451.0,0.0,0.0,4492.0,0.0,7094.0
48356,0.0,1544.0,0.0,0.0,0.0,1684.0,0.0,3228.0
48357,0.0,2827.0,250.0,0.0,0.0,6720.0,0.0,9797.0
48359,0.0,2177.0,0.0,0.0,0.0,675.0,0.0,2852.0
48360,0.0,2777.0,256.0,0.0,100.0,8061.0,0.0,11194.0
48362,0.0,5188.0,0.0,0.0,165.0,16502.0,0.0,21855.0
48363,0.0,2252.0,0.0,0.0,0.0,29230.0,0.0,31482.0
48367,0.0,181.0,0.0,0.0,0.0,3325.0,0.0,3506.0
48370,0.0,738.0,0.0,0.0,0.0,3060.0,0.0,3798.0
48371,0.0,6703.0,0.0,0.0,0.0,11974.0,0.0,18677.0
48374,0.0,23890.0,0.0,0.0,35.0,23944.0,0.0,47869.0
48375,0.0,13612.0,2500.0,0.0,0.0,19053.0,0.0,35165.0
48376,0.0,240.0,0.0,0.0,0.0,0.0,0.0,240.0
48377,0.0,7404.0,500.0,0.0,0.0,10787.0,0.0,18691.0
48380,0.0,4683.0,0.0,0.0,0.0,34355.0,0.0,39038.0
48381,0.0,9563.0,0.0,0.0,0.0,7217.0,0.0,16780.0
48382,0.0,13286.0,0.0,0.0,260.0,13987.0,0.0,27533.0
48383,0.0,2546.0,0.0,0.0,0.0,10139.0,0.0,12685.0
48386,0.0,6747.0,0.0,0.0,0.0,5977.0,0.0,12724.0
48387,0.0,62.0,0.0,0.0,0.0,250.0,0.0,312.0
48390,0.0,9661.0,0.0,0.0,2600.0,10530.0,0.0,22791.0
48393,0.0,2576.0,0.0,0.0,0.0,7597.0,0.0,10173.0
48401,0.0,598.0,0.0,0.0,0.0,250.0,0.0,848.0
48411,0.0,0.0,0.0,0.0,0.0,250.0,0.0,250.0
48412,0.0,230.0,0.0,0.0,0.0,275.0,0.0,505.0
48413,0.0,1238.0,0.0,0.0,0.0,1305.0,0.0,2543.0
48414,0.0,466.0,0.0,0.0,0.0,0.0,0.0,466.0
48415,0.0,478.0,0.0,0.0,0.0,1845.0,0.0,2323.0
48416,0.0,124.0,0.0,0.0,0.0,860.0,0.0,984.0
48418,0.0,386.0,0.0,0.0,0.0,1223.0,0.0,1609.0
48419,0.0,0.0,0.0,0.0,0.0,117.0,0.0,117.0
48420,0.0,7102.0,0.0,0.0,0.0,2975.0,0.0,10077.0
48421,0.0,3472.0,0.0,0.0,225.0,607.0,0.0,4304.0
48422,0.0,100.0,0.0,0.0,0.0,963.0,0.0,1063.0
48423,0.0,8383.0,0.0,0.0,0.0,10365.0,0.0,18748.0
48427,0.0,160.0,0.0,0.0,0.0,275.0,0.0,435.0
48428,0.0,638.0,0.0,0.0,0.0,1505.0,0.0,2143.0
48429,0.0,2680.0,0.0,0.0,0.0,2793.0,0.0,5473.0
48430,0.0,31560.0,0.0,0.0,0.0,19362.0,0.0,50922.0
48433,0.0,12857.0,0.0,0.0,0.0,8966.0,0.0,21823.0
48434,0.0,100.0,0.0,0.0,0.0,0.0,0.0,100.0
48436,0.0,805.0,0.0,0.0,0.0,1560.0,0.0,2365.0
48437,0.0,163.0,0.0,0.0,0.0,0.0,0.0,163.0
48438,0.0,3338.0,0.0,0.0,0.0,1900.0,0.0,5238.0
48439,0.0,25452.0,0.0,0.0,150.0,17729.0,0.0,43331.0
48440,0.0,150.0,0.0,0.0,0.0,0.0,0.0,150.0
48441,0.0,501.0,0.0,0.0,0.0,375.0,0.0,876.0
48442,0.0,3442.0,0.0,0.0,0.0,6509.0,0.0,9951.0
48444,0.0,569.0,0.0,0.0,0.0,1305.0,0.0,1874.0
48445,0.0,0.0,0.0,0.0,0.0,120.0,0.0,120.0
48446,0.0,9632.0,0.0,0.0,50.0,4474.0,0.0,14156.0
48449,0.0,3173.0,0.0,0.0,0.0,700.0,0.0,3873.0
48450,0.0,350.0,0.0,0.0,0.0,350.0,0.0,700.0
48451,0.0,5839.0,0.0,0.0,0.0,1320.0,0.0,7159.0
48453,0.0,1353.0,0.0,0.0,0.0,2887.0,0.0,4240.0
48455,0.0,1484.0,0.0,0.0,0.0,3176.0,0.0,4660.0
48456,0.0,300.0,0.0,0.0,0.0,0.0,0.0,300.0
48457,0.0,977.0,0.0,0.0,0.0,760.0,0.0,1737.0
48458,0.0,2593.0,0.0,0.0,0.0,360.0,0.0,2953.0
48460,0.0,0.0,0.0,0.0,0.0,1350.0,0.0,1350.0
48461,0.0,100.0,0.0,0.0,0.0,800.0,0.0,900.0
48462,0.0,3172.0,0.0,0.0,0.0,4801.0,0.0,7973.0
48463,0.0,420.0,0.0,0.0,0.0,500.0,0.0,920.0
48464,0.0,0.0,0.0,0.0,0.0,520.0,0.0,520.0
48466,0.0,332.0,0.0,0.0,0.0,0.0,0.0,332.0
48467,0.0,0.0,0.0,0.0,0.0,1510.0,0.0,1510.0
48468,0.0,900.0,0.0,0.0,0.0,0.0,0.0,900.0
48469,0.0,140.0,0.0,0.0,0.0,584.0,0.0,724.0
48471,0.0,510.0,0.0,0.0,0.0,250.0,0.0,760.0
48472,0.0,1000.0,0.0,0.0,0.0,0.0,0.0,1000.0
48473,0.0,5414.0,58.0,0.0,0.0,3299.0,0.0,8771.0
48475,0.0,0.0,0.0,0.0,0.0,200.0,0.0,200.0
48480,0.0,10.0,0.0,0.0,0.0,0.0,0.0,10.0
48501,0.0,609.0,0.0,0.0,0.0,0.0,0.0,609.0
48502,0.0,750.0,0.0,0.0,0.0,1250.0,0.0,2000.0
48503,0.0,8230.0,0.0,0.0,250.0,961.0,0.0,9441.0
48504,0.0,2590.0,0.0,0.0,0.0,10.0,0.0,2600.0
48505,0.0,292.0,0.0,0.0,0.0,0.0,0.0,292.0
48506,0.0,2598.0,0.0,0.0,0.0,1951.0,0.0,4549.0
48507,0.0,9521.0,0.0,0.0,0.0,6007.0,0.0,15528.0
48509,0.0,2631.0,0.0,0.0,0.0,792.0,0.0,3423.0
48519,0.0,1106.0,0.0,0.0,0.0,600.0,0.0,1706.0
48529,0.0,1286.0,0.0,0.0,0.0,0.0,0.0,1286.0
48532,0.0,9928.0,0.0,0.0,0.0,610.0,0.0,10538.0
48601,0.0,948.0,0.0,0.0,0.0,6050.0,0.0,6998.0
48602,0.0,5759.0,0.0,0.0,0.0,2876.0,0.0,8635.0
48603,0.0,7231.0,0.0,0.0,250.0,7098.0,0.0,14579.0
48604,0.0,218.0,0.0,0.0,0.0,750.0,0.0,968.0
48605,0.0,0.0,0.0,0.0,0.0,400.0,0.0,400.0
48609,0.0,4039.0,0.0,0.0,0.0,9088.0,0.0,13127.0
48610,0.0,118.0,0.0,0.0,0.0,0.0,0.0,118.0
48611,0.0,250.0,0.0,0.0,0.0,250.0,0.0,500.0
48612,0.0,402.0,0.0,0.0,0.0,2350.0,0.0,2752.0
48613,0.0,0.0,0.0,0.0,0.0,775.0,0.0,775.0
48615,0.0,180.0,0.0,0.0,0.0,0.0,0.0,180.0
48616,0.0,635.0,0.0,0.0,0.0,650.0,0.0,1285.0
48617,0.0,665.0,0.0,0.0,672.0,1350.0,0.0,2687.0
48618,0.0,901.0,0.0,0.0,0.0,250.0,0.0,1151.0
48619,0.0,0.0,0.0,0.0,0.0,75.0,0.0,75.0
48621,0.0,50.0,0.0,0.0,0.0,605.0,0.0,655.0
48622,0.0,2061.0,0.0,0.0,0.0,1880.0,0.0,3941.0
48623,0.0,4426.0,0.0,0.0,250.0,4353.0,0.0,9029.0
48624,0.0,3450.0,0.0,0.0,0.0,1882.0,0.0,5332.0
48625,0.0,0.0,0.0,0.0,0.0,2877.0,0.0,2877.0
48626,0.0,70.0,0.0,0.0,0.0,4010.0,0.0,4080.0
48627,0.0,75.0,0.0,0.0,0.0,150.0,0.0,225.0
48628,0.0,0.0,0.0,0.0,0.0,770.0,0.0,770.0
48629,0.0,850.0,0.0,0.0,0.0,3681.0,0.0,4531.0
48631,0.0,674.0,0.0,0.0,0.0,2544.0,0.0,3218.0
48632,0.0,289.0,0.0,0.0,0.0,1176.0,0.0,1465.0
48633,0.0,400.0,0.0,0.0,0.0,0.0,0.0,400.0
48634,0.0,508.0,0.0,0.0,0.0,160.0,0.0,668.0
48635,0.0,0.0,0.0,0.0,0.0,465.0,0.0,465.0
48636,0.0,1000.0,500.0,0.0,0.0,0.0,0.0,1500.0
48637,0.0,0.0,0.0,0.0,0.0,105.0,0.0,105.0
48638,0.0,2181.0,0.0,0.0,250.0,3125.0,0.0,5556.0
48640,0.0,22264.0,0.0,0.0,0.0,18939.0,0.0,41203.0
48642,0.0,13483.0,0.0,250.0,0.0,23832.0,0.0,37565.0
48647,0.0,0.0,0.0,0.0,0.0,1216.0,0.0,1216.0
48649,0.0,0.0,0.0,0.0,0.0,110.0,0.0,110.0
48650,0.0,100.0,0.0,0.0,0.0,6749.0,0.0,6849.0
48651,0.0,3072.0,0.0,0.0,0.0,561.0,0.0,3633.0
48653,0.0,6455.0,0.0,0.0,0.0,3570.0,0.0,10025.0
48654,0.0,100.0,0.0,0.0,0.0,725.0,0.0,825.0
48655,0.0,621.0,0.0,0.0,0.0,360.0,0.0,981.0
48656,0.0,24.0,0.0,0.0,0.0,0.0,0.0,24.0
48657,0.0,641.0,0.0,0.0,0.0,8101.0,0.0,8742.0
48658,0.0,35.0,0.0,0.0,0.0,2000.0,0.0,2035.0
48659,0.0,0.0,0.0,0.0,0.0,150.0,0.0,150.0
48661,0.0,1597.0,0.0,0.0,0.0,2377.0,0.0,3974.0
48701,0.0,0.0,0.0,0.0,0.0,70.0,0.0,70.0
48703,0.0,336.0,0.0,0.0,0.0,1116.0,0.0,1452.0
48705,0.0,0.0,0.0,0.0,0.0,70.0,0.0,70.0
48706,0.0,10885.0,344.0,0.0,0.0,9605.0,0.0,20834.0
48708,0.0,4641.0,0.0,0.0,0.0,2355.0,0.0,6996.0
48722,0.0,1153.0,0.0,0.0,0.0,1332.0,0.0,2485.0
48723,0.0,2300.0,0.0,0.0,0.0,1515.0,0.0,3815.0
48725,0.0,275.0,0.0,0.0,0.0,300.0,0.0,575.0
48726,0.0,203.0,0.0,0.0,0.0,2965.0,0.0,3168.0
48727,0.0,0.0,0.0,0.0,0.0,95.0,0.0,95.0
48729,0.0,0.0,0.0,0.0,0.0,765.0,0.0,765.0
48730,0.0,295.0,0.0,0.0,0.0,1150.0,0.0,1445.0
48731,0.0,281.0,0.0,0.0,0.0,175.0,0.0,456.0
48732,0.0,1801.0,0.0,0.0,0.0,655.0,0.0,2456.0
48734,0.0,8398.0,0.0,0.0,0.0,8520.0,0.0,16918.0
48735,0.0,0.0,0.0,0.0,0.0,250.0,0.0,250.0
48737,0.0,0.0,0.0,0.0,0.0,200.0,0.0,200.0
48738,0.0,135.0,0.0,0.0,0.0,0.0,0.0,135.0
48739,0.0,812.0,0.0,0.0,0.0,0.0,0.0,812.0
48740,0.0,1160.0,250.0,0.0,0.0,2566.0,0.0,3976.0
48741,0.0,500.0,0.0,0.0,0.0,700.0,0.0,1200.0
48742,0.0,30.0,0.0,0.0,0.0,1577.0,0.0,1607.0
48746,0.0,935.0,0.0,0.0,0.0,576.0,0.0,1511.0
48747,0.0,50.0,0.0,0.0,0.0,500.0,0.0,550.0
48748,0.0,0.0,0.0,0.0,0.0,225.0,0.0,225.0
48749,0.0,380.0,0.0,0.0,0.0,0.0,0.0,380.0
48750,0.0,1392.0,0.0,0.0,0.0,1475.0,0.0,2867.0
48755,0.0,629.0,0.0,0.0,0.0,594.0,0.0,1223.0
48756,0.0,54.0,0.0,0.0,0.0,143.0,0.0,197.0
48757,0.0,778.0,0.0,0.0,0.0,2040.0,0.0,2818.0
48759,0.0,0.0,0.0,0.0,0.0,520.0,0.0,520.0
48760,0.0,0.0,0.0,0.0,0.0,406.0,0.0,406.0
48761,0.0,576.0,0.0,0.0,0.0,160.0,0.0,736.0
48762,0.0,52.0,0.0,0.0,0.0,0.0,0.0,52.0
48763,0.0,1153.0,0.0,0.0,0.0,130.0,0.0,1283.0
48766,0.0,155.0,0.0,0.0,0.0,655.0,0.0,810.0
48767,0.0,234.0,0.0,0.0,0.0,0.0,0.0,234.0
48768,0.0,1505.0,0.0,0.0,0.0,3053.0,0.0,4558.0
48801,0.0,4440.0,0.0,0.0,0.0,4544.0,0.0,8984.0
48804,0.0,515.0,0.0,0.0,0.0,0.0,0.0,515.0
48805,0.0,1350.0,0.0,0.0,0.0,0.0,0.0,1350.0
48806,0.0,0.0,0.0,0.0,0.0,125.0,0.0,125.0
48808,0.0,5968.0,0.0,0.0,0.0,5825.0,0.0,11793.0
48809,0.0,594.0,0.0,0.0,0.0,295.0,0.0,889.0
48811,0.0,739.0,0.0,0.0,0.0,117.0,0.0,856.0
48812,0.0,0.0,0.0,0.0,0.0,68.0,0.0,68.0
48813,0.0,3099.0,0.0,0.0,0.0,4685.0,0.0,7784.0
48815,0.0,100.0,0.0,0.0,0.0,1531.0,0.0,1631.0
48817,0.0,1174.0,0.0,0.0,145.0,715.0,0.0,2034.0
48818,0.0,515.0,0.0,0.0,0.0,0.0,0.0,515.0
48819,0.0,215.0,0.0,0.0,0.0,3268.0,0.0,3483.0
48820,0.0,3614.0,0.0,0.0,104.0,16045.0,0.0,19763.0
48821,0.0,3977.0,0.0,0.0,0.0,5349.0,0.0,9326.0
48822,0.0,381.0,0.0,0.0,0.0,1430.0,0.0,1811.0
48823,0.0,121786.0,250.0,0.0,0.0,36676.0,0.0,158712.0
48824,0.0,500.0,0.0,0.0,0.0,0.0,0.0,500.0
48825,0.0,37.0,0.0,0.0,0.0,0.0,0.0,37.0
48826,0.0,575.0,0.0,0.0,0.0,200.0,0.0,775.0
48827,0.0,3888.0,0.0,0.0,0.0,3535.0,0.0,7423.0
48829,0.0,50.0,0.0,0.0,0.0,80.0,0.0,130.0
48832,0.0,250.0,0.0,0.0,0.0,0.0,0.0,250.0
48835,0.0,33.0,0.0,0.0,0.0,1250.0,0.0,1283.0
48836,0.0,1540.0,0.0,0.0,0.0,12834.0,0.0,14374.0
48837,0.0,10094.0,0.0,0.0,0.0,3023.0,0.0,13117.0
48838,0.0,1352.0,0.0,0.0,0.0,3021.0,0.0,4373.0
48840,0.0,19590.0,200.0,0.0,650.0,6926.0,0.0,27366.0
48841,0.0,100.0,0.0,0.0,0.0,1000.0,0.0,1100.0
48842,0.0,13560.0,0.0,0.0,0.0,3243.0,0.0,16803.0
48843,0.0,11517.0,502.0,0.0,0.0,51062.0,0.0,63081.0
48844,0.0,0.0,0.0,0.0,0.0,520.0,0.0,520.0
48845,0.0,0.0,0.0,0.0,0.0,285.0,0.0,285.0
48846,0.0,1958.0,0.0,0.0,0.0,1347.0,0.0,3305.0
48847,0.0,282.0,0.0,0.0,0.0,1209.0,0.0,1491.0
48848,0.0,2227.0,0.0,0.0,0.0,1075.0,0.0,3302.0
48849,0.0,1360.0,0.0,0.0,0.0,2486.0,0.0,3846.0
48850,0.0,0.0,0.0,0.0,0.0,250.0,0.0,250.0
48851,0.0,100.0,0.0,0.0,3000.0,250.0,0.0,3350.0
48854,0.0,9741.0,0.0,0.0,0.0,3075.0,0.0,12816.0
48855,0.0,1971.0,0.0,0.0,0.0,3515.0,0.0,5486.0
48856,0.0,65.0,0.0,0.0,0.0,0.0,0.0,65.0
48857,0.0,475.0,0.0,0.0,250.0,250.0,0.0,975.0
48858,0.0,21953.0,0.0,0.0,15.0,16442.0,0.0,38410.0
48860,0.0,225.0,0.0,0.0,0.0,0.0,0.0,225.0
48861,0.0,0.0,0.0,0.0,0.0,120.0,0.0,120.0
48864,0.0,60460.0,500.0,0.0,1816.0,17091.0,0.0,79867.0
48865,0.0,50.0,0.0,0.0,0.0,0.0,0.0,50.0
48866,0.0,0.0,0.0,0.0,0.0,1381.0,0.0,1381.0
48867,0.0,6904.0,0.0,0.0,213.0,1985.0,0.0,9102.0
48871,0.0,439.0,0.0,0.0,0.0,0.0,0.0,439.0
48872,0.0,1166.0,0.0,0.0,0.0,3568.0,0.0,4734.0
48875,0.0,501.0,0.0,0.0,0.0,1910.0,0.0,2411.0
48876,0.0,245.0,0.0,0.0,0.0,334.0,0.0,579.0
48877,0.0,368.0,0.0,0.0,0.0,520.0,0.0,888.0
48878,0.0,277.0,0.0,0.0,0.0,0.0,0.0,277.0
48879,0.0,3685.0,0.0,0.0,0.0,2995.0,0.0,6680.0
48880,0.0,2188.0,0.0,0.0,0.0,1250.0,0.0,3438.0
48881,0.0,585.0,0.0,0.0,0.0,909.0,0.0,1494.0
48883,0.0,346.0,0.0,0.0,0.0,1644.0,0.0,1990.0
48886,0.0,0.0,0.0,0.0,0.0,1404.0,0.0,1404.0
48888,0.0,3440.0,0.0,0.0,0.0,500.0,0.0,3940.0
48889,0.0,0.0,0.0,0.0,0.0,1050.0,0.0,1050.0
48890,0.0,0.0,0.0,0.0,0.0,250.0,0.0,250.0
48892,0.0,50.0,0.0,0.0,0.0,175.0,0.0,225.0
48893,0.0,2738.0,0.0,0.0,0.0,835.0,0.0,3573.0
48894,0.0,77.0,0.0,0.0,0.0,0.0,0.0,77.0
48895,0.0,18272.0,0.0,0.0,0.0,12621.0,0.0,30893.0
48897,0.0,0.0,69.0,0.0,0.0,150.0,0.0,219.0
48901,0.0,1008.0,0.0,0.0,0.0,52.0,0.0,1060.0
48906,0.0,13862.0,0.0,0.0,0.0,903.0,0.0,14765.0
48909,0.0,880.0,0.0,0.0,0.0,143.0,0.0,1023.0
48910,0.0,24678.0,0.0,0.0,0.0,3755.0,0.0,28433.0
48911,0.0,6250.0,0.0,0.0,0.0,5891.0,0.0,12141.0
48912,0.0,20161.0,700.0,0.0,0.0,1565.0,0.0,22426.0
48915,0.0,7349.0,0.0,0.0,0.0,3845.0,0.0,11194.0
48917,0.0,15177.0,0.0,0.0,0.0,1800.0,0.0,16977.0
48933,0.0,1198.0,0.0,0.0,0.0,1000.0,0.0,2198.0
49001,0.0,8472.0,1250.0,0.0,0.0,1605.0,0.0,11327.0
49002,0.0,12561.0,0.0,0.0,0.0,10908.0,0.0,23469.0
49004,0.0,4414.0,250.0,0.0,0.0,1657.0,0.0,6321.0
49005,0.0,0.0,225.0,0.0,0.0,0.0,0.0,225.0
49006,0.0,23532.0,0.0,0.0,0.0,1427.0,0.0,24959.0
49007,0.0,14359.0,0.0,0.0,0.0,250.0,0.0,14609.0
49008,0.0,34561.0,0.0,0.0,0.0,21024.0,0.0,55585.0
49009,0.0,26395.0,290.0,1000.0,350.0,34856.0,0.0,62891.0
49010,0.0,1532.0,0.0,0.0,0.0,8705.0,0.0,10237.0
49011,0.0,300.0,0.0,0.0,0.0,25.0,0.0,325.0
49012,0.0,357.0,0.0,0.0,0.0,1450.0,0.0,1807.0
49013,0.0,667.0,0.0,0.0,0.0,250.0,0.0,917.0
49014,0.0,1758.0,0.0,0.0,0.0,1940.0,0.0,3698.0
49015,0.0,3423.0,0.0,0.0,0.0,10205.0,0.0,13628.0
49016,0.0,0.0,0.0,0.0,0.0,500.0,0.0,500.0
49017,0.0,2645.0,0.0,0.0,0.0,6375.0,0.0,9020.0
49019,0.0,321.0,0.0,0.0,0.0,0.0,0.0,321.0
49021,0.0,68.0,0.0,0.0,0.0,195.0,0.0,263.0
49022,0.0,4486.0,0.0,100.0,0.0,3945.0,0.0,8531.0
49023,0.0,0.0,0.0,0.0,0.0,350.0,0.0,350.0
49024,0.0,14656.0,128.0,0.0,75.0,13721.0,0.0,28580.0
49026,0.0,70.0,0.0,0.0,0.0,525.0,0.0,595.0
49028,0.0,37.0,0.0,0.0,0.0,370.0,0.0,407.0
49029,0.0,745.0,0.0,0.0,0.0,225.0,0.0,970.0
49030,0.0,500.0,0.0,0.0,0.0,825.0,0.0,1325.0
49031,0.0,4580.0,0.0,0.0,0.0,7840.0,0.0,12420.0
49032,0.0,195.0,0.0,0.0,0.0,0.0,0.0,195.0
49033,0.0,350.0,0.0,162.0,0.0,0.0,0.0,512.0
49034,0.0,0.0,0.0,0.0,0.0,1602.0,0.0,1602.0
49036,0.0,799.0,0.0,0.0,0.0,5816.0,0.0,6615.0
49037,0.0,2259.0,0.0,0.0,0.0,1100.0,0.0,3359.0
49038,0.0,5134.0,0.0,0.0,0.0,125.0,0.0,5259.0
49040,0.0,400.0,0.0,0.0,0.0,225.0,0.0,625.0
49042,0.0,513.0,0.0,0.0,0.0,350.0,0.0,863.0
49043,0.0,118.0,0.0,0.0,0.0,0.0,0.0,118.0
49045,0.0,139.0,0.0,0.0,0.0,875.0,0.0,1014.0
49046,0.0,5092.0,0.0,0.0,0.0,1955.0,0.0,7047.0
49047,0.0,518.0,0.0,0.0,0.0,6558.0,0.0,7076.0
49048,0.0,3007.0,0.0,0.0,0.0,6021.0,0.0,9028.0
49051,0.0,0.0,0.0,0.0,0.0,215.0,0.0,215.0
49053,0.0,3559.0,0.0,0.0,0.0,700.0,0.0,4259.0
49055,0.0,2680.0,0.0,0.0,0.0,1108.0,0.0,3788.0
49056,0.0,600.0,0.0,0.0,0.0,1700.0,0.0,2300.0
49057,0.0,313.0,0.0,0.0,0.0,55.0,0.0,368.0
49058,0.0,2758.0,250.0,0.0,0.0,4256.0,0.0,7264.0
49060,0.0,0.0,0.0,0.0,0.0,23240.0,0.0,23240.0
49061,0.0,125.0,0.0,0.0,0.0,0.0,0.0,125.0
49064,0.0,758.0,0.0,0.0,0.0,2610.0,0.0,3368.0
49065,0.0,3996.0,0.0,0.0,0.0,3772.0,0.0,7768.0
49067,0.0,1486.0,0.0,0.0,0.0,2930.0,0.0,4416.0
49068,0.0,6687.0,0.0,0.0,0.0,2038.0,0.0,8725.0
49070,0.0,500.0,0.0,0.0,0.0,200.0,0.0,700.0
49071,0.0,1055.0,0.0,0.0,0.0,3553.0,0.0,4608.0
49072,0.0,443.0,0.0,0.0,0.0,595.0,0.0,1038.0
49073,0.0,0.0,0.0,0.0,0.0,11885.0,0.0,11885.0
49076,0.0,777.0,0.0,0.0,0.0,1110.0,0.0,1887.0
49077,0.0,1500.0,0.0,0.0,0.0,0.0,0.0,1500.0
49078,0.0,25.0,0.0,0.0,0.0,1255.0,0.0,1280.0
49079,0.0,2552.0,0.0,0.0,0.0,9601.0,0.0,12153.0
49080,0.0,5753.0,0.0,0.0,0.0,14410.0,0.0,20163.0
49081,0.0,349.0,0.0,0.0,0.0,0.0,0.0,349.0
49082,0.0,562.0,0.0,0.0,0.0,6997.0,0.0,7559.0
49083,0.0,4015.0,0.0,0.0,0.0,38080.0,0.0,42095.0
49084,0.0,0.0,0.0,0.0,0.0,600.0,0.0,600.0
49085,0.0,15561.0,0.0,0.0,0.0,14945.0,0.0,30506.0
49087,0.0,880.0,0.0,0.0,0.0,5577.0,0.0,6457.0
49088,0.0,3100.0,0.0,0.0,0.0,1105.0,0.0,4205.0
49089,0.0,0.0,0.0,0.0,0.0,25.0,0.0,25.0
49090,0.0,10294.0,0.0,0.0,1000.0,3305.0,0.0,14599.0
49091,0.0,3060.0,0.0,0.0,0.0,6126.0,0.0,9186.0
49092,0.0,2385.0,0.0,0.0,0.0,0.0,0.0,2385.0
49093,0.0,5259.0,0.0,0.0,0.0,11177.0,0.0,16436.0
49094,0.0,225.0,0.0,0.0,0.0,1137.0,0.0,1362.0
49096,0.0,260.0,0.0,0.0,0.0,825.0,0.0,1085.0
49097,0.0,3663.0,0.0,0.0,0.0,3322.0,0.0,6985.0
49098,0.0,947.0,0.0,0.0,445.0,1000.0,0.0,2392.0
49099,0.0,2194.0,0.0,0.0,0.0,1162.0,0.0,3356.0
49101,0.0,0.0,0.0,0.0,0.0,350.0,0.0,350.0
49102,0.0,53.0,0.0,0.0,0.0,250.0,0.0,303.0
49103,0.0,6057.0,0.0,0.0,594.0,3027.0,0.0,9678.0
49106,0.0,563.0,0.0,0.0,0.0,1779.0,0.0,2342.0
49107,0.0,736.0,0.0,0.0,0.0,1850.0,0.0,2586.0
49111,0.0,1819.0,0.0,0.0,0.0,315.0,0.0,2134.0
49112,0.0,3148.0,0.0,0.0,100.0,4378.0,0.0,7626.0
49113,0.0,1995.0,0.0,0.0,0.0,888.0,0.0,2883.0
49115,0.0,347.0,0.0,0.0,0.0,0.0,0.0,347.0
49116,0.0,3915.0,0.0,0.0,0.0,0.0,0.0,3915.0
49117,0.0,15979.0,0.0,0.0,0.0,2180.0,0.0,18159.0
49120,0.0,12932.0,250.0,0.0,250.0,13543.0,0.0,26975.0
49125,0.0,3627.0,0.0,0.0,0.0,2415.0,0.0,6042.0
49127,0.0,7658.0,0.0,0.0,0.0,12645.0,0.0,20303.0
49128,0.0,1427.0,0.0,0.0,0.0,3550.0,0.0,4977.0
49129,0.0,4084.0,0.0,0.0,0.0,4180.0,0.0,8264.0
49130,0.0,250.0,0.0,0.0,0.0,100.0,0.0,350.0
49201,0.0,6509.0,25.0,0.0,663.0,14920.0,0.0,22117.0
49202,0.0,805.0,0.0,0.0,0.0,3263.0,0.0,4068.0
49203,0.0,9581.0,0.0,0.0,0.0,5868.0,0.0,15449.0
49204,0.0,600.0,0.0,0.0,0.0,500.0,0.0,1100.0
49220,0.0,0.0,0.0,0.0,0.0,553.0,0.0,553.0
49221,0.0,6784.0,0.0,0.0,0.0,4617.0,0.0,11401.0
49224,0.0,4063.0,0.0,0.0,0.0,0.0,0.0,4063.0
49227,0.0,0.0,0.0,0.0,0.0,806.0,0.0,806.0
49228,0.0,814.0,0.0,0.0,0.0,1242.0,0.0,2056.0
49229,0.0,1772.0,0.0,0.0,0.0,1280.0,0.0,3052.0
49230,0.0,606.0,0.0,0.0,0.0,2734.0,0.0,3340.0
49233,0.0,4006.0,2790.0,0.0,0.0,4064.0,0.0,10860.0
49234,0.0,1052.0,0.0,0.0,0.0,5152.0,0.0,6204.0
49235,0.0,327.0,0.0,0.0,0.0,200.0,0.0,527.0
49236,0.0,652.0,0.0,0.0,0.0,4650.0,0.0,5302.0
49237,0.0,0.0,0.0,0.0,0.0,3345.0,0.0,3345.0
49240,0.0,4224.0,0.0,0.0,0.0,1805.0,0.0,6029.0
49241,0.0,250.0,0.0,0.0,0.0,0.0,0.0,250.0
49242,0.0,969.0,0.0,0.0,0.0,18743.0,0.0,19712.0
49245,0.0,824.0,0.0,0.0,0.0,297.0,0.0,1121.0
49246,0.0,784.0,0.0,0.0,0.0,1355.0,0.0,2139.0
49247,0.0,72.0,0.0,0.0,500.0,3410.0,0.0,3982.0
49248,0.0,325.0,0.0,0.0,0.0,1089.0,0.0,1414.0
49249,0.0,0.0,0.0,0.0,0.0,520.0,0.0,520.0
49250,0.0,175.0,0.0,0.0,0.0,100.0,0.0,275.0
49251,0.0,1271.0,0.0,0.0,0.0,800.0,0.0,2071.0
49252,0.0,237.0,0.0,0.0,0.0,350.0,0.0,587.0
49253,0.0,905.0,0.0,0.0,0.0,580.0,0.0,1485.0
49254,0.0,45.0,0.0,0.0,0.0,0.0,0.0,45.0
49256,0.0,177.0,0.0,0.0,0.0,220.0,0.0,397.0
49259,0.0,575.0,0.0,0.0,0.0,500.0,0.0,1075.0
49261,0.0,115.0,0.0,0.0,0.0,0.0,0.0,115.0
49262,0.0,366.0,0.0,0.0,0.0,0.0,0.0,366.0
49264,0.0,500.0,0.0,0.0,0.0,0.0,0.0,500.0
49265,0.0,1078.0,0.0,0.0,0.0,650.0,0.0,1728.0
49266,0.0,3743.0,250.0,0.0,0.0,0.0,0.0,3993.0
49267,0.0,100.0,0.0,0.0,0.0,1800.0,0.0,1900.0
49269,0.0,1039.0,0.0,0.0,40.0,760.0,0.0,1839.0
49270,0.0,562.0,0.0,0.0,0.0,350.0,0.0,912.0
49271,0.0,0.0,0.0,0.0,0.0,275.0,0.0,275.0
49272,0.0,650.0,0.0,0.0,0.0,290.0,0.0,940.0
49274,0.0,462.0,0.0,0.0,0.0,0.0,0.0,462.0
49276,0.0,50.0,0.0,0.0,0.0,100.0,0.0,150.0
49277,0.0,150.0,0.0,0.0,0.0,0.0,0.0,150.0
49279,0.0,0.0,0.0,0.0,0.0,55.0,0.0,55.0
49282,0.0,80.0,0.0,0.0,0.0,85.0,0.0,165.0
49283,0.0,150.0,0.0,0.0,0.0,115.0,0.0,265.0
49284,0.0,0.0,0.0,0.0,0.0,1099.0,0.0,1099.0
49285,0.0,595.0,0.0,0.0,0.0,7300.0,0.0,7895.0
49286,0.0,6695.0,0.0,0.0,0.0,3694.0,0.0,10389.0
49287,0.0,375.0,0.0,0.0,0.0,0.0,0.0,375.0
49288,0.0,0.0,0.0,0.0,0.0,100.0,0.0,100.0
49301,0.0,41931.0,500.0,0.0,800.0,60192.0,0.0,103423.0
49302,0.0,2000.0,0.0,0.0,0.0,3480.0,0.0,5480.0
49303,0.0,0.0,0.0,0.0,0.0,50.0,0.0,50.0
49304,0.0,2287.0,0.0,0.0,0.0,100.0,0.0,2387.0
49305,0.0,664.0,0.0,0.0,0.0,0.0,0.0,664.0
49306,0.0,4758.0,0.0,0.0,0.0,7675.0,0.0,12433.0
49307,0.0,12125.0,0.0,0.0,0.0,7677.0,0.0,19802.0
49309,0.0,1590.0,0.0,0.0,0.0,200.0,0.0,1790.0
49310,0.0,2719.0,0.0,0.0,0.0,850.0,0.0,3569.0
49315,0.0,1064.0,0.0,0.0,0.0,32600.0,0.0,33664.0
49316,0.0,6825.0,0.0,0.0,0.0,11955.0,0.0,18780.0
49319,0.0,1031.0,0.0,0.0,0.0,2278.0,0.0,3309.0
49321,0.0,4623.0,0.0,0.0,0.0,2195.0,0.0,6818.0
49322,0.0,0.0,0.0,0.0,0.0,75.0,0.0,75.0
49323,0.0,110.0,0.0,0.0,0.0,2020.0,0.0,2130.0
49325,0.0,290.0,0.0,0.0,0.0,125.0,0.0,415.0
49326,0.0,450.0,0.0,0.0,0.0,1200.0,0.0,1650.0
49327,0.0,0.0,0.0,0.0,0.0,3960.0,0.0,3960.0
49328,0.0,429.0,0.0,0.0,0.0,2850.0,0.0,3279.0
49329,0.0,548.0,0.0,0.0,0.0,1939.0,0.0,2487.0
49330,0.0,0.0,0.0,0.0,0.0,1435.0,0.0,1435.0
49331,0.0,3164.0,0.0,0.0,0.0,3915.0,0.0,7079.0
49332,0.0,300.0,0.0,0.0,0.0,334.0,0.0,634.0
49333,0.0,2971.0,0.0,0.0,0.0,8717.0,0.0,11688.0
49336,0.0,198.0,0.0,0.0,0.0,500.0,0.0,698.0
49337,0.0,621.0,0.0,0.0,0.0,5183.0,0.0,5804.0
49339,0.0,0.0,0.0,0.0,0.0,910.0,0.0,910.0
49340,0.0,0.0,0.0,0.0,0.0,1000.0,0.0,1000.0
49341,0.0,10881.0,250.0,0.0,3750.0,12532.0,0.0,27413.0
49342,0.0,346.0,0.0,0.0,0.0,125.0,0.0,471.0
49343,0.0,758.0,0.0,0.0,1000.0,450.0,0.0,2208.0
49344,0.0,0.0,0.0,0.0,0.0,2430.0,0.0,2430.0
49345,0.0,985.0,0.0,0.0,0.0,1684.0,0.0,2669.0
49346,0.0,1158.0,0.0,0.0,0.0,1425.0,0.0,2583.0
49347,0.0,90.0,0.0,0.0,0.0,0.0,0.0,90.0
49348,0.0,3562.0,0.0,0.0,0.0,1520.0,0.0,5082.0
49349,0.0,525.0,0.0,0.0,0.0,1080.0,0.0,1605.0
49401,0.0,2459.0,0.0,0.0,0.0,1459.0,0.0,3918.0
49402,0.0,165.0,0.0,0.0,0.0,530.0,0.0,695.0
49403,0.0,27.0,0.0,0.0,0.0,1215.0,0.0,1242.0
49404,0.0,518.0,0.0,0.0,0.0,2712.0,0.0,3230.0
49406,0.0,6160.0,0.0,0.0,0.0,6135.0,0.0,12295.0
49408,0.0,7249.0,0.0,0.0,0.0,990.0,0.0,8239.0
49409,0.0,0.0,0.0,0.0,0.0,1000.0,0.0,1000.0
49410,0.0,0.0,0.0,0.0,0.0,30.0,0.0,30.0
49411,0.0,1001.0,0.0,0.0,0.0,175.0,0.0,1176.0
49412,0.0,2335.0,0.0,0.0,0.0,5108.0,0.0,7443.0
49415,0.0,482.0,0.0,0.0,2700.0,3179.0,0.0,6361.0
49416,0.0,2833.0,0.0,0.0,0.0,1575.0,0.0,4408.0
49417,0.0,11697.0,750.0,0.0,60.0,10982.0,0.0,23489.0
49418,0.0,14055.0,2000.0,0.0,0.0,24167.0,0.0,40222.0
49419,0.0,170.0,0.0,0.0,0.0,579.0,0.0,749.0
49420,0.0,133.0,0.0,0.0,0.0,4457.0,0.0,4590.0
49421,0.0,55.0,0.0,0.0,0.0,0.0,0.0,55.0
49423,0.0,24021.0,0.0,0.0,0.0,50388.0,0.0,74409.0
49424,0.0,18413.0,0.0,0.0,0.0,28804.0,0.0,47217.0
49425,0.0,465.0,0.0,0.0,0.0,0.0,0.0,465.0
49426,0.0,2492.0,0.0,0.0,0.0,20277.0,0.0,22769.0
49427,0.0,0.0,0.0,0.0,0.0,661.0,0.0,661.0
49428,0.0,3356.0,0.0,0.0,0.0,11915.0,0.0,15271.0
49431,0.0,6827.0,0.0,0.0,1000.0,1825.0,0.0,9652.0
49434,0.0,350.0,0.0,0.0,0.0,500.0,0.0,850.0
49435,0.0,481.0,200.0,0.0,210.0,1900.0,0.0,2791.0
49436,0.0,80.0,0.0,0.0,0.0,1810.0,0.0,1890.0
49437,0.0,4283.0,0.0,0.0,0.0,8995.0,0.0,13278.0
49440,0.0,300.0,0.0,0.0,0.0,1000.0,0.0,1300.0
49441,0.0,18794.0,29.0,0.0,157.0,15678.0,0.0,34658.0
49442,0.0,2745.0,0.0,0.0,0.0,7702.0,0.0,10447.0
49443,0.0,0.0,0.0,0.0,0.0,500.0,0.0,500.0
49444,0.0,441.0,0.0,0.0,0.0,4310.0,0.0,4751.0
49445,0.0,8790.0,0.0,0.0,0.0,6935.0,0.0,15725.0
49446,0.0,996.0,0.0,0.0,0.0,2415.0,0.0,3411.0
49448,0.0,0.0,0.0,0.0,0.0,1143.0,0.0,1143.0
49449,0.0,670.0,0.0,0.0,0.0,350.0,0.0,1020.0
49450,0.0,1225.0,0.0,0.0,0.0,250.0,0.0,1475.0
49451,0.0,217.0,0.0,0.0,0.0,1486.0,0.0,1703.0
49452,0.0,0.0,0.0,0.0,0.0,6450.0,0.0,6450.0
49453,0.0,9360.0,0.0,0.0,0.0,1530.0,0.0,10890.0
49454,0.0,162.0,0.0,0.0,0.0,184.0,0.0,346.0
49455,0.0,838.0,0.0,0.0,0.0,3320.0,0.0,4158.0
49456,0.0,12815.0,500.0,0.0,0.0,20786.0,0.0,34101.0
49457,0.0,535.0,0.0,0.0,0.0,555.0,0.0,1090.0
49458,0.0,47.0,0.0,0.0,0.0,0.0,0.0,47.0
49460,0.0,6346.0,80.0,0.0,0.0,4692.0,0.0,11118.0
49461,0.0,3113.0,50.0,0.0,100.0,1750.0,0.0,5013.0
49464,0.0,573.0,0.0,0.0,0.0,21783.0,0.0,22356.0
49468,0.0,0.0,0.0,0.0,0.0,5400.0,0.0,5400.0
49501,0.0,120.0,0.0,0.0,150.0,9062.0,0.0,9332.0
49503,0.0,35382.0,100.0,0.0,1371.0,133566.0,0.0,170419.0
49504,0.0,17595.0,550.0,0.0,0.0,8861.0,0.0,27006.0
49505,0.0,13947.0,100.0,0.0,536.0,10541.0,0.0,25124.0
49506,0.0,81993.0,3150.0,107.0,1700.0,87196.0,0.0,174146.0
49507,0.0,3021.0,0.0,0.0,550.0,4135.0,0.0,7706.0
49508,0.0,10088.0,500.0,0.0,0.0,10230.0,0.0,20818.0
49509,0.0,2278.0,0.0,0.0,0.0,461.0,0.0,2739.0
49510,0.0,0.0,0.0,0.0,0.0,400.0,0.0,400.0
49512,0.0,7823.0,250.0,0.0,0.0,9680.0,0.0,17753.0
49514,0.0,4000.0,0.0,0.0,0.0,0.0,0.0,4000.0
49516,0.0,0.0,0.0,0.0,0.0,3700.0,0.0,3700.0
49518,0.0,306.0,0.0,0.0,0.0,250.0,0.0,556.0
49519,0.0,3117.0,0.0,0.0,0.0,8325.0,0.0,11442.0
49525,0.0,24368.0,0.0,0.0,400.0,18352.0,0.0,43120.0
49534,0.0,3740.0,0.0,0.0,0.0,5189.0,0.0,8929.0
49544,0.0,1976.0,0.0,0.0,0.0,9307.0,0.0,11283.0
49546,0.0,28084.0,120.0,0.0,300.0,40528.0,0.0,69032.0
49548,0.0,4573.0,90.0,0.0,0.0,3909.0,0.0,8572.0
49588,0.0,200.0,0.0,0.0,0.0,0.0,0.0,200.0
49595,0.0,0.0,0.0,0.0,0.0,117.0,0.0,117.0
49601,0.0,5753.0,0.0,0.0,0.0,2253.0,0.0,8006.0
49610,0.0,1831.0,0.0,0.0,0.0,0.0,0.0,1831.0
49612,0.0,1341.0,0.0,0.0,0.0,342.0,0.0,1683.0
49613,0.0,2252.0,0.0,0.0,0.0,70.0,0.0,2322.0
49614,0.0,275.0,375.0,0.0,0.0,0.0,0.0,650.0
49615,0.0,1012.0,0.0,0.0,0.0,5111.0,0.0,6123.0
49616,0.0,2454.0,0.0,0.0,0.0,0.0,0.0,2454.0
49617,0.0,3565.0,0.0,0.0,0.0,1200.0,0.0,4765.0
49618,0.0,0.0,0.0,0.0,0.0,97.0,0.0,97.0
49619,0.0,294.0,0.0,0.0,0.0,99.0,0.0,393.0
49620,0.0,329.0,0.0,0.0,0.0,250.0,0.0,579.0
49621,0.0,1623.0,0.0,0.0,0.0,800.0,0.0,2423.0
49622,0.0,978.0,0.0,0.0,0.0,647.0,0.0,1625.0
49623,0.0,216.0,0.0,0.0,0.0,0.0,0.0,216.0
49625,0.0,479.0,0.0,0.0,0.0,0.0,0.0,479.0
49627,0.0,132.0,0.0,0.0,0.0,410.0,0.0,542.0
49628,0.0,1768.0,50.0,0.0,0.0,0.0,0.0,1818.0
49629,0.0,1869.0,0.0,0.0,500.0,1556.0,0.0,3925.0
49630,0.0,1279.0,0.0,0.0,50.0,645.0,0.0,1974.0
49631,0.0,0.0,0.0,0.0,0.0,375.0,0.0,375.0
49632,0.0,0.0,0.0,0.0,0.0,150.0,0.0,150.0
49633,0.0,410.0,0.0,0.0,0.0,1202.0,0.0,1612.0
49635,0.0,8068.0,0.0,0.0,0.0,2810.0,0.0,10878.0
49636,0.0,5780.0,0.0,0.0,0.0,926.0,0.0,6706.0
49637,0.0,992.0,0.0,0.0,0.0,350.0,0.0,1342.0
49639,0.0,647.0,0.0,0.0,0.0,0.0,0.0,647.0
49640,0.0,1107.0,0.0,0.0,0.0,185.0,0.0,1292.0
49643,0.0,8615.0,0.0,0.0,0.0,2270.0,0.0,10885.0
49645,0.0,315.0,0.0,0.0,0.0,250.0,0.0,565.0
49646,0.0,237.0,0.0,0.0,90.0,1032.0,0.0,1359.0
49648,0.0,1003.0,0.0,0.0,0.0,5500.0,0.0,6503.0
49649,0.0,911.0,0.0,0.0,0.0,325.0,0.0,1236.0
49650,0.0,539.0,0.0,0.0,0.0,155.0,0.0,694.0
49651,0.0,86.0,0.0,0.0,0.0,75.0,0.0,161.0
49653,0.0,2579.0,0.0,0.0,0.0,6495.0,0.0,9074.0
49654,0.0,3603.0,0.0,0.0,0.0,3950.0,0.0,7553.0
49655,0.0,0.0,0.0,0.0,250.0,0.0,0.0,250.0
49656,0.0,0.0,0.0,0.0,0.0,1000.0,0.0,1000.0
49657,0.0,0.0,0.0,0.0,0.0,340.0,0.0,340.0
49659,0.0,402.0,0.0,0.0,250.0,0.0,0.0,652.0
49660,0.0,2688.0,0.0,0.0,0.0,2670.0,0.0,5358.0
49663,0.0,580.0,0.0,0.0,0.0,750.0,0.0,1330.0
49664,0.0,6790.0,0.0,0.0,0.0,173.0,0.0,6963.0
49665,0.0,1969.0,0.0,0.0,0.0,360.0,0.0,2329.0
49668,0.0,510.0,0.0,0.0,0.0,0.0,0.0,510.0
49670,0.0,4978.0,0.0,0.0,0.0,2660.0,0.0,7638.0
49674,0.0,355.0,0.0,0.0,0.0,1000.0,0.0,1355.0
49675,0.0,1250.0,0.0,0.0,0.0,2000.0,0.0,3250.0
49676,0.0,320.0,0.0,0.0,0.0,1084.0,0.0,1404.0
49677,0.0,3478.0,0.0,0.0,0.0,528.0,0.0,4006.0
49679,0.0,0.0,0.0,0.0,0.0,100.0,0.0,100.0
49680,0.0,20.0,0.0,0.0,0.0,0.0,0.0,20.0
49682,0.0,3237.0,0.0,0.0,0.0,1330.0,0.0,4567.0
49683,0.0,703.0,0.0,0.0,0.0,1575.0,0.0,2278.0
49684,0.0,28748.0,0.0,0.0,0.0,32601.0,0.0,61349.0
49685,0.0,7568.0,0.0,0.0,0.0,4260.0,0.0,11828.0
49686,0.0,35529.0,0.0,0.0,470.0,22213.0,0.0,58212.0
49688,0.0,0.0,0.0,0.0,0.0,357.0,0.0,357.0
49689,0.0,25.0,0.0,0.0,0.0,1165.0,0.0,1190.0
49690,0.0,2678.0,0.0,0.0,0.0,2265.0,0.0,4943.0
49696,0.0,4139.0,0.0,0.0,0.0,8604.0,0.0,12743.0
49701,0.0,1189.0,0.0,0.0,0.0,1147.0,0.0,2336.0
49706,0.0,398.0,0.0,0.0,0.0,2125.0,0.0,2523.0
49707,0.0,8779.0,0.0,0.0,282.0,1743.0,0.0,10804.0
49709,0.0,260.0,0.0,0.0,0.0,861.0,0.0,1121.0
49710,0.0,140.0,0.0,0.0,0.0,0.0,0.0,140.0
49712,0.0,2327.0,0.0,0.0,0.0,4313.0,0.0,6640.0
49713,0.0,0.0,0.0,0.0,0.0,150.0,0.0,150.0
49715,0.0,1150.0,0.0,0.0,0.0,175.0,0.0,1325.0
49716,0.0,750.0,0.0,0.0,0.0,250.0,0.0,1000.0
49717,0.0,150.0,0.0,0.0,0.0,0.0,0.0,150.0
49718,0.0,265.0,0.0,0.0,0.0,0.0,0.0,265.0
49719,0.0,563.0,0.0,0.0,0.0,375.0,0.0,938.0
49720,0.0,12481.0,85.0,0.0,0.0,13565.0,0.0,26131.0
49721,0.0,5341.0,500.0,0.0,2560.0,4622.0,0.0,13023.0
49724,0.0,0.0,0.0,0.0,0.0,320.0,0.0,320.0
49726,0.0,921.0,0.0,0.0,0.0,800.0,0.0,1721.0
49727,0.0,716.0,0.0,0.0,0.0,1984.0,0.0,2700.0
49729,0.0,0.0,0.0,0.0,0.0,18636.0,0.0,18636.0
49730,0.0,207.0,0.0,0.0,0.0,500.0,0.0,707.0
49733,0.0,880.0,0.0,0.0,0.0,0.0,0.0,880.0
49734,0.0,655.0,0.0,0.0,0.0,1450.0,0.0,2105.0
49735,0.0,3690.0,0.0,0.0,0.0,10721.0,0.0,14411.0
49736,0.0,828.0,0.0,0.0,0.0,0.0,0.0,828.0
49738,0.0,1527.0,0.0,0.0,0.0,860.0,0.0,2387.0
49740,0.0,9534.0,0.0,0.0,0.0,12695.0,0.0,22229.0
49743,0.0,0.0,0.0,0.0,0.0,456.0,0.0,456.0
49744,0.0,0.0,0.0,0.0,0.0,107.0,0.0,107.0
49745,0.0,412.0,0.0,0.0,0.0,0.0,0.0,412.0
49746,0.0,278.0,0.0,0.0,0.0,240.0,0.0,518.0
49747,0.0,755.0,0.0,0.0,0.0,250.0,0.0,1005.0
49748,0.0,289.0,0.0,0.0,0.0,0.0,0.0,289.0
49749,0.0,1282.0,0.0,0.0,0.0,2260.0,0.0,3542.0
49753,0.0,0.0,0.0,0.0,0.0,860.0,0.0,860.0
49755,0.0,155.0,0.0,0.0,0.0,0.0,0.0,155.0
49756,0.0,382.0,0.0,0.0,0.0,0.0,0.0,382.0
49757,0.0,790.0,0.0,0.0,0.0,450.0,0.0,1240.0
49759,0.0,950.0,0.0,0.0,0.0,1224.0,0.0,2174.0
49760,0.0,126.0,0.0,0.0,0.0,0.0,0.0,126.0
49762,0.0,104.0,0.0,0.0,0.0,0.0,0.0,104.0
49765,0.0,400.0,0.0,0.0,0.0,600.0,0.0,1000.0
49766,0.0,2120.0,0.0,0.0,0.0,0.0,0.0,2120.0
49769,0.0,1530.0,0.0,0.0,0.0,0.0,0.0,1530.0
49770,0.0,12646.0,0.0,0.0,0.0,6749.0,0.0,19395.0
49774,0.0,0.0,0.0,0.0,0.0,400.0,0.0,400.0
49777,0.0,1629.0,50.0,0.0,0.0,400.0,0.0,2079.0
49779,0.0,120.0,0.0,0.0,0.0,625.0,0.0,745.0
49780,0.0,0.0,0.0,0.0,0.0,250.0,0.0,250.0
49781,0.0,2833.0,0.0,0.0,0.0,1110.0,0.0,3943.0
49782,0.0,1715.0,0.0,0.0,0.0,0.0,0.0,1715.0
49783,0.0,4513.0,0.0,0.0,0.0,605.0,0.0,5118.0
49788,0.0,879.0,50.0,0.0,0.0,0.0,0.0,929.0
49795,0.0,105.0,0.0,0.0,0.0,658.0,0.0,763.0
49796,0.0,1305.0,0.0,0.0,0.0,403.0,0.0,1708.0
49797,0.0,99.0,0.0,0.0,0.0,600.0,0.0,699.0
49799,0.0,245.0,0.0,0.0,340.0,4791.0,0.0,5376.0
49801,0.0,2466.0,0.0,0.0,0.0,4361.0,0.0,6827.0
49802,0.0,339.0,0.0,0.0,0.0,3651.0,0.0,3990.0
49805,0.0,250.0,0.0,0.0,0.0,550.0,0.0,800.0
49806,0.0,60.0,0.0,0.0,0.0,0.0,0.0,60.0
49807,0.0,520.0,0.0,0.0,0.0,0.0,0.0,520.0
49808,0.0,463.0,0.0,0.0,0.0,371.0,0.0,834.0
49812,0.0,500.0,0.0,0.0,0.0,800.0,0.0,1300.0
49814,0.0,50.0,0.0,0.0,0.0,0.0,0.0,50.0
49816,250.0,0.0,0.0,0.0,0.0,0.0,0.0,250.0
49817,0.0,132.0,0.0,0.0,0.0,0.0,0.0,132.0
49820,0.0,934.0,0.0,0.0,0.0,2050.0,0.0,2984.0
49821,0.0,432.0,0.0,0.0,0.0,0.0,0.0,432.0
49825,0.0,160.0,0.0,0.0,0.0,0.0,0.0,160.0
49827,0.0,0.0,0.0,0.0,0.0,650.0,0.0,650.0
49829,0.0,4360.0,0.0,0.0,0.0,6015.0,0.0,10375.0
49833,0.0,280.0,0.0,0.0,0.0,0.0,0.0,280.0
49835,0.0,0.0,0.0,0.0,0.0,250.0,0.0,250.0
49837,0.0,460.0,0.0,0.0,0.0,1640.0,0.0,2100.0
49839,0.0,100.0,0.0,0.0,0.0,225.0,0.0,325.0
49840,0.0,0.0,0.0,0.0,0.0,125.0,0.0,125.0
49841,0.0,1179.0,0.0,0.0,570.0,500.0,0.0,2249.0
49849,0.0,1500.0,0.0,0.0,0.0,1322.0,0.0,2822.0
49853,0.0,50.0,0.0,0.0,0.0,0.0,0.0,50.0
49854,0.0,588.0,0.0,0.0,0.0,2060.0,0.0,2648.0
49855,0.0,20918.0,0.0,267.0,0.0,21812.0,200.0,43197.0
49858,0.0,3496.0,0.0,0.0,0.0,1120.0,0.0,4616.0
49861,0.0,0.0,0.0,0.0,0.0,1709.0,0.0,1709.0
49862,0.0,846.0,0.0,0.0,0.0,550.0,0.0,1396.0
49866,0.0,1370.0,0.0,0.0,0.0,500.0,0.0,1870.0
49868,0.0,508.0,0.0,0.0,0.0,250.0,0.0,758.0
49870,0.0,760.0,0.0,0.0,0.0,107.0,0.0,867.0
49873,0.0,0.0,0.0,0.0,0.0,250.0,0.0,250.0
49874,0.0,25.0,0.0,0.0,0.0,0.0,0.0,25.0
49876,0.0,250.0,0.0,0.0,0.0,0.0,0.0,250.0
49878,0.0,1248.0,0.0,0.0,0.0,8080.0,0.0,9328.0
49880,0.0,0.0,0.0,0.0,0.0,1020.0,0.0,1020.0
49884,0.0,63.0,0.0,0.0,0.0,0.0,0.0,63.0
49885,0.0,275.0,0.0,0.0,0.0,0.0,0.0,275.0
49887,0.0,1036.0,0.0,0.0,0.0,250.0,0.0,1286.0
49892,0.0,119.0,0.0,0.0,0.0,0.0,0.0,119.0
49893,0.0,450.0,500.0,0.0,0.0,0.0,0.0,950.0
49905,0.0,286.0,0.0,0.0,0.0,250.0,0.0,536.0
49908,0.0,250.0,0.0,0.0,0.0,1178.0,0.0,1428.0
49910,0.0,0.0,0.0,0.0,0.0,250.0,0.0,250.0
49911,0.0,234.0,0.0,0.0,0.0,120.0,0.0,354.0
49912,0.0,410.0,0.0,0.0,0.0,10.0,0.0,420.0
49913,0.0,2409.0,0.0,0.0,0.0,1370.0,0.0,3779.0
49916,0.0,937.0,0.0,0.0,0.0,650.0,0.0,1587.0
49918,0.0,80.0,0.0,0.0,0.0,0.0,0.0,80.0
49920,0.0,1617.0,0.0,0.0,0.0,4545.0,0.0,6162.0
49922,0.0,227.0,0.0,0.0,0.0,0.0,0.0,227.0
49925,0.0,1242.0,0.0,0.0,0.0,0.0,0.0,1242.0
49930,0.0,898.0,0.0,0.0,0.0,350.0,0.0,1248.0
49931,0.0,14868.0,0.0,450.0,500.0,3762.0,1000.0,20580.0
49935,0.0,1035.0,0.0,0.0,0.0,812.0,0.0,1847.0
49938,0.0,570.0,0.0,0.0,0.0,650.0,0.0,1220.0
49945,0.0,1399.0,0.0,0.0,0.0,200.0,0.0,1599.0
49946,0.0,304.0,0.0,0.0,0.0,827.0,0.0,1131.0
49948,0.0,277.0,0.0,0.0,0.0,0.0,0.0,277.0
49950,0.0,105.0,0.0,0.0,0.0,212.0,0.0,317.0
49953,0.0,812.0,0.0,0.0,0.0,463.0,0.0,1275.0
49958,0.0,631.0,0.0,0.0,0.0,560.0,0.0,1191.0
49963,0.0,1261.0,0.0,0.0,0.0,0.0,0.0,1261.0
49965,0.0,0.0,0.0,0.0,0.0,70.0,0.0,70.0
49968,0.0,300.0,0.0,0.0,0.0,0.0,0.0,300.0
49969,0.0,1500.0,0.0,0.0,0.0,500.0,0.0,2000.0
55303,0.0,0.0,0.0,0.0,0.0,500.0,0.0,500.0
64012,0.0,0.0,0.0,0.0,1370.0,0.0,0.0,1370.0
65041,0.0,0.0,0.0,0.0,0.0,2700.0,0.0,2700.0
80211,0.0,0.0,0.0,0.0,0.0,500.0,0.0,500.0
81140,0.0,200.0,0.0,0.0,0.0,0.0,0.0,200.0
88061,0.0,125.0,0.0,0.0,0.0,0.0,0.0,125.0
